state_map = {
    "Andaman & Nicobar Islands": "Andaman and Nicobar Islands",
    "Andaman And Nicobar Islands": "Andaman and Nicobar Islands",
    "Andhra Pradesh": "Andhra Pradesh",
    "Arunachal Pradesh": "Arunachal Pradesh",
    "Assam": "Assam",
    "Bihar": "Bihar",
    "Dadra & Nagar Haveli": "Dadra and Nagar Haveli and Daman and Diu",
    "Dadra And Nagar Haveli": "Dadra and Nagar Haveli and Daman and Diu",
    "Daman & Diu": "Dadra and Nagar Haveli and Daman and Diu",
    "Daman And Diu": "Dadra and Nagar Haveli and Daman and Diu",
    "Dadra And Nagar Haveli And Daman And Diu": "Dadra and Nagar Haveli and Daman and Diu",
    "The Dadra And Nagar Haveli And Daman And Diu": "Dadra and Nagar Haveli and Daman and Diu",
    "Delhi": "Delhi",
    "Goa": "Goa",
    "Gujarat": "Gujarat",
    "Haryana": "Haryana",
    "Himachal Pradesh": "Himachal Pradesh",
    "Jammu & Kashmir": "Jammu and Kashmir",
    "Jammu And Kashmir": "Jammu and Kashmir",
    "Jharkhand": "Jharkhand",
    "Karnataka": "Karnataka",
    "Kerala": "Kerala",
    "Ladakh": "Ladakh",
    "Lakshadweep": "Lakshadweep",
    "Madhya Pradesh": "Madhya Pradesh",
    "Maharashtra": "Maharashtra",
    "Manipur": "Manipur",
    "Meghalaya": "Meghalaya",
    "Mizoram": "Mizoram",
    "Nagaland": "Nagaland",
    "Orissa": "Odisha",
    "Odisha": "Odisha",
    "Pondicherry": "Puducherry",
    "Puducherry": "Puducherry",
    "Punjab": "Punjab",
    "Rajasthan": "Rajasthan",
    "Sikkim": "Sikkim",
    "Tamil Nadu": "Tamil Nadu",
    "Telangana": "Telangana",
    "Tripura": "Tripura",
    "Uttar Pradesh": "Uttar Pradesh",
    "Uttarakhand": "Uttarakhand",
    "West  Bengal": "West Bengal",
    "West Bangal": "West Bengal",
    "Westbengal": "West Bengal",
    "West Bengal": "West Bengal",
    "Chandigarh": "Chandigarh",
    "Chhattisgarh": "Chhattisgarh",
}

district_map = {
    "Andaman and Nicobar Islands": {
        "Andamans": "South Andamans",        # raw name for South Andamans
        "South Andaman": "South Andamans",
        "Nicobars": "Nicobars",
        "North And Middle Andaman": "North And Middle Andaman"
    },

    "Andhra Pradesh": {
        "Alluri Sitharama Raju": "Alluri Sitharama Raju",
        "Anakapalli": "Anakapalli",
        "Anantapur": "Ananthapuramu",        # canonical is Ananthapuramu:contentReference[oaicite:8]{index=8}
        "Ananthapur": "Ananthapuramu",
        "Ananthapuramu": "Ananthapuramu",
        "Annamayya": "Annamayya",
        "Bapatla": "Bapatla",
        "Chittoor": "Chittoor",
        "Cuddapah": "Y.S.R. (Kadapa)",      # Cuddapah is old name for YSR district
        "Dr. B. R. Ambedkar Konaseema": "Dr. B. R. Ambedkar Konaseema",
        "East Godavari": "East Godavari",
        "Eluru": "Eluru",
        "Guntur": "Guntur",
        "Krishna":"Krishna",
        "Palnadu": "Palnadu",
        "Parvathipuram Manyam": "Parvathipuram Manyam",
        "Prakasam": "Prakasam",
        "Spsr Nellore": "Sri Potti Sriramulu Nellore",
        "Nellore":"Sri Potti Sriramulu Nellore",
        "Sri Potti Sriramulu Nellore": "Sri Potti Sriramulu Nellore",
        "Nandyal":"Nandyal",
        "N. T. R": "NTR",
        "NTR": "NTR",
        "Kakinada": "Kakinada",
        "Kurnool": "Kurnool",
        "Sri Sathya Sai": "Sri Sathya Sai",
        "Srikakulam": "Srikakulam",
        "Tirupati": "Tirupati",
        "Visakhapatanam": "Visakhapatnam",
        "Visakhapatnam": "Visakhapatnam",
        "Vizianagaram": "Vizianagaram",
        "West Godavari": "West Godavari",
        "Y. S. R": "Y.S.R. (Kadapa)"
    },
    "Telangana": {
        "Adilabad": "Adilabad",
        "Bhadradri Kothagudem": "Bhadradri Kothagudem",
        "Hanumakonda": "Hanumakonda",
        "Hyderabad": "Hyderabad",
        "Jagitial": "Jagtial",            # fix spelling
        "Jangoan": "Jangaon",
        "Jayashankar Bhupalpally": "Jayashankar Bhupalpally",
        "Jogulamba Gadwal": "Jogulamba Gadwal",
        "K.V. Rangareddy": "Rangareddy",
        "Kamareddy": "Kamareddy",
        "Karimnagar": "Karimnagar",
        "Khammam": "Khammam",
        "Komaram Bheem": "Kumuram Bheem Asifabad",
        "Mahabubabad": "Mahabubabad",
        "Mahabubnagar": "Mahabubnagar",
        "Mancherial": "Mancherial",
        "Medak": "Medak",
        "Medchal Malkajgiri": "Medchal-Malkajgiri",
        "Medchal?Malkajgiri": "Medchal-Malkajgiri",
        "Medchal-Malkajgiri": "Medchal-Malkajgiri",
        "Medchal−Malkajgiri": "Medchal-Malkajgiri",
        "Medchal−Malkajgiri": "Medchal-Malkajgiri",
        "Mulugu": "Mulugu",
        "Nagarkurnool": "Nagarkurnool",
        "Nalgonda": "Nalgonda",
        "Narayanpet": "Narayanpet",
        "Nirmal": "Nirmal",
        "Nizamabad": "Nizamabad",
        "Peddapalli": "Peddapalli",
        "Rajanna Sircilla": "Rajanna Sircilla",
        "Ranga Reddy": "Rangareddy",
        "Rangareddy": "Rangareddy",
        "Sangareddy": "Sangareddy",
        "Siddipet": "Siddipet",
        "Suryapet": "Suryapet",
        "Vikarabad": "Vikarabad",
        "Wanaparthy": "Wanaparthy",
        "Warangal": "Warangal",
        "Warangal (Urban)": "Warangal Urban",
        "Warangal Rural": "Warangal Rural",
        "Yadadri.": "Yadadri Bhuvanagiri"
    },
    "Assam": {
        "Sibsagar": "Sivasagar",
        "Sivasagar": "Sivasagar",
        "North Cachar Hills": "Dima Hasao"

    },
    "Bihar": {
        "Aurangabad": "Aurangabad(BH)",
        "Kaimur (Bhabua)": "Bhabua",
        "Purba Champaran": "Purbi Champaran",
        "Purnea": "Purnia",
        "Monghyr": "Munger",
        "Samstipur":"Samastipur",
        "Sheikpura":"Sheikhpura",
        "West Champaran": "Paschim Champaran"

    },
    "Chandigarh": {
        "Chandigarh": "Chandigarh"
    },
    "Chattisgarh": {
        "Manendragarh–Chirmiri–Bharatpur": "Manendragarh-Chirmiri-Bharatpur",
        "Mohalla-Manpur-Ambagarh Chowki":"Mohla-Manpur-Ambagarh Chouki",
        "Janjgir - Champa": "Janjgir-Champa",
        "Janjgir Champa": "Janjgir-Champa",
        "Janjgir-Champa": "Janjgir-Champa",
        "Gaurella Pendra Marwahi":"Gaurela-Pendra-Marwahi",

        
        },
    "Dadra and Nagar Haveli and Daman and Diu": {
        "Dadra And Nagar Haveli": "Dadra and Nagar Haveli",
        "Dadra & Nagar Haveli": "Dadra and Nagar Haveli",
        "Daman": "Daman",
        "Diu": "Diu",
        "Daman & Diu": "Daman",  # ambiguous cases, pick primary
        "Daman And Diu": "Daman",  # similarly
    },
    "Delhi": {
        "North East": "North East Delhi",
        "North East   *": "North East Delhi",
        "Najafgarh": "South West Delhi",  # administratively under SW Delhi
        # All others are valid
    },
    "Gujarat": {
        "Ahmadabad": "Ahmedabad",
        "Banas Kantha": "Banaskantha",
        "Dohad": "Dahod",
        "Mahesana": "Mehsana",  # official spelling is Mehsana
        "Panch Mahals": "Panchmahal",
        "Panchmahals": "Panchmahal",
        "Sabar Kantha": "Sabarkantha",
        "Surendra Nagar": "Surendranagar",
        "The Dangs": "Dang",  # official is "Dang"
        # Rest are already canonical
    },
    "Goa": {
        "Bardez": "North Goa",  # Bardez is a taluka in North Goa; normalize to district
        # North Goa and South Goa are valid
    },
    "Haryana": {
    "Gurgaon": "Gurugram",
    "Jhajjar *": "Jhajjar",
    "Mewat": "Nuh",
    "Yamuna Nagar": "Yamunanagar",
    # All others are already canonical
},
"Himachal Pradesh": {
    "Lahul & Spiti": "Lahaul and Spiti",
    "Lahul And Spiti": "Lahaul and Spiti",
    # Others are canonical
},
"Jammu and Kashmir": {
    "Badgam": "Budgam",
    "Bandipur": "Bandipore",
    "Rajauri": "Rajouri",
    "Shupiyan": "Shopian",
    "Leh (Ladakh)": "Leh",  # Drop "(Ladakh)", treat as Leh
    
},
"Jharkhand": {
    "Bokaro *": "Bokaro",
    "East Singhbum": "East Singhbhum",
    "Garhwa *": "Garhwa",
    "Hazaribag": "Hazaribagh",
    "Kodarma": "Koderma",
    "Pakaur": "Pakur",
    "Palamu": "Palamau",
    "Pashchimi Singhbhum": "West Singhbhum",
    "Purbi Singhbhum": "East Singhbhum",
    "Sahibganj": "Sahebganj",
    # Keep already canonical ones (e.g., Ranchi, Jamtara, etc.)
},
"Karnataka": {
    "Bagalkot *": "Bagalkot",
    "Bangalore": "Bengaluru Urban",
    "Bangalore Rural": "Bengaluru Rural",
    "Belgaum": "Belagavi",
    "Bellary": "Ballari",
    "Bijapur": "Vijayapura",
    "Bijapur(Kar)": "Vijayapura",
    "Chamrajanagar": "Chamarajanagar",
    "Chamrajnagar": "Chamarajanagar",
    "Chickmagalur": "Chikkamagaluru",
    "Chikmagalur": "Chikkamagaluru",
    "Davangere": "Davanagere",
    "Gadag *": "Gadag",
    "Gulbarga": "Kalaburagi",
    "Hasan": "Hassan",
    "Haveri *": "Haveri",
    "Mysore": "Mysuru",
    "Ramanagar": "Ramanagara",
    "Shimoga": "Shivamogga",
    "Tumkur": "Tumakuru",
    "Udupi *": "Udupi",
    # Retain already correct ones (e.g., Raichur, Koppal, etc.)
},
"Kerala": {
    "Kasargod": "Kasaragod",
    # All others are canonical
},
"Ladakh": {
    "Leh": "Leh",
    "Kargil": "Kargil"
},
"Madhya Pradesh": {
    "Ashok Nagar": "Ashoknagar",
    "Harda *": "Harda",
    "Hoshangabad": "Narmadapuram",  # renamed
    "Narsimhapur": "Narsinghpur",
    "East Nimar": "Khandwa",        # East Nimar is another name for Khandwa
    "West Nimar": "Khargone",       # West Nimar is another name for Khargone
    "Pandhurna": "Chhindwara",      # Pandhurna is a city in Chhindwara district
    "Maihar": "Satna",              # Maihar is in Satna district
    # all other districts are canonical or retained
},
"Maharashtra": {
    "Ahmadnagar": "Ahmednagar",
    "Ahmed Nagar": "Ahmednagar",
    "Bid": "Beed",
    "Buldana": "Buldhana",
    "Chatrapati Sambhaji Nagar": "Chhatrapati Sambhajinagar",
    "Dharashiv": "Osmanabad",  # renamed officially
    "Gondia": "Gondiya",
    "Gondiya *": "Gondiya",
    "Hingoli *": "Hingoli",
    "Mumbai": "Mumbai City",
    "Mumbai( Sub Urban )": "Mumbai Suburban",
    "Nandurbar *": "Nandurbar",
    "Raigarh": "Raigad",
    "Raigarh(Mh)": "Raigad",
    "Washim *": "Washim",
    # remaining districts are already standardized
},
"Manipur": {
    "Bishnupur": "Bishnupur",
    "Chandel": "Chandel",
    "Churachandpur": "Churachandpur",
    "Imphal East": "Imphal East",
    "Imphal West": "Imphal West",
    "Jiribam": "Jiribam",
    "Kakching": "Kakching",
    "Pherzawl": "Pherzawl",
    "Senapati": "Senapati",
    "Tamenglong": "Tamenglong",
    "Thoubal": "Thoubal",
    "Ukhrul": "Ukhrul",
},
"Meghalaya": {
    "East Garo Hills": "East Garo Hills",
    "East Jaintia Hills": "East Jaintia Hills",
    "East Khasi Hills": "East Khasi Hills",
    "Eastern West Khasi Hills": "Eastern West Khasi Hills",
    "Jaintia Hills": "East Jaintia Hills",  # older merged name
    "Kamrup": "Kamrup (Assam)",  # belongs to Assam, remove if in Meghalaya
    "North Garo Hills": "North Garo Hills",
    "Ri Bhoi": "Ri Bhoi",
    "South Garo Hills": "South Garo Hills",
    "South West Garo Hills": "South West Garo Hills",
    "South West Khasi Hills": "South West Khasi Hills",
    "West Garo Hills": "West Garo Hills",
    "West Jaintia Hills": "West Jaintia Hills",
    "West Khasi Hills": "West Khasi Hills",
},
"Mizoram": {
    "Aizawl": "Aizawl",
    "Champhai": "Champhai",
    "Hnahthial": "Hnahthial",
    "Khawzawl": "Khawzawl",
    "Kolasib": "Kolasib",
    "Lawngtlai": "Lawngtlai",
    "Lunglei": "Lunglei",
    "Mamit": "Mamit",
    "Mammit": "Mamit",
    "Saiha": "Siaha",  # renamed
    "Saitual": "Saitual",
    "Serchhip": "Serchhip",
},
"Nagaland": {
    "Chumukedima": "Chümoukedima",
    "Dimapur": "Dimapur",
    "Kiphire": "Kiphire",
    "Kohima": "Kohima",
    "Longleng": "Longleng",
    "Meluri": "Phek",  # Meluri is in Phek district
    "Mokokchung": "Mokokchung",
    "Mon": "Mon",
    "Niuland": "Niuland",
    "Noklak": "Noklak",
    "Peren": "Peren",
    "Phek": "Phek",
    "Shamator": "Shamator",
    "Tseminyu": "Tseminyu",
    "Tuensang": "Tuensang",
    "Wokha": "Wokha",
    "Zunheboto": "Zunheboto",
},
"Odisha": {
    "Angul": "Angul",
    "Anugal": "Angul",
    "Anugul": "Angul",
    "Baleshwar": "Balasore",
    "Baleswar": "Balasore",
    "Balasore": "Balasore",
    "Bargarh": "Bargarh",
    "Baudh": "Boudh",
    "Baudh": "Boudh",
    "Bhadrak": "Bhadrak",
    "Cuttack": "Cuttack",
    "Debagarh": "Debagarh",
    "Dhenkanal": "Dhenkanal",
    "Gajapati": "Gajapati",
    "Ganjam": "Ganjam",
    "Jagatsinghapur": "Jagatsinghpur",
    "Jagatsinghpur": "Jagatsinghpur",
    "Jajapur": "Jajpur",
    "Jajpur": "Jajpur",
    "Jharsuguda": "Jharsuguda",
    "Kalahandi": "Kalahandi",
    "Kandhamal": "Kandhamal",
    "Kendrapara": "Kendrapara",
    "Kendrapara *": "Kendrapara",
    "Kendujhar": "Keonjhar",
    "Keonjhar": "Keonjhar",
    "Khorda": "Khordha",
    "Khordha": "Khordha",
    "Koraput": "Koraput",
    "Malkangiri": "Malkangiri",
    "Mayurbhanj": "Mayurbhanj",
    "Nabarangapur": "Nabarangpur",
    "Nabarangpur": "Nabarangpur",
    "Nayagarh": "Nayagarh",
    "Nuapada": "Nuapada",
    "Puri": "Puri",
    "Rayagada": "Rayagada",
    "Sambalpur": "Sambalpur",
    "Sonapur": "Subarnapur",
    "Subarnapur": "Subarnapur",
    "Sundargarh": "Sundargarh",
    "Sundergarh": "Sundargarh",
},
"Puducherry": {
    "Pondicherry": "Puducherry",  # same city, old name
    "Karaikal": "Karaikal",
    "Yanam": "Yanam",
}
,
"Punjab": {
    "Ferozepur": "Firozpur",  # spelling variant
    "S.A.S Nagar": "Sahibzada Ajit Singh Nagar",
    "S.A.S Nagar(Mohali)": "Sahibzada Ajit Singh Nagar",
    "Sas Nagar (Mohali)": "Sahibzada Ajit Singh Nagar",
    "Shaheed Bhagat Singh Nagar": "Shaheed Bhagat Singh Nagar",  # official
    "Sri Muktsar Sahib": "Sri Muktsar Sahib",  # standard spelling
},
"Rajasthan": {
    "Chittaurgarh": "Chittorgarh",
    "Dhaulpur": "Dholpur",
    "Deeg ": "Deeg",  # remove encoding artifact
    "Jhunjhunun": "Jhunjhunu",
    "Jalor": "Jalore",
    # The rest are either correct or represent distinct districts
},
"Sikkim": {
    "East": "East Sikkim",
    "East Sikkim": "East Sikkim",
    "North": "North Sikkim",
    "North Sikkim": "North Sikkim",
    "South": "South Sikkim",
    "South Sikkim": "South Sikkim",
    "West": "West Sikkim",
    "West Sikkim": "West Sikkim",
    "Mangan": "Mangan",  # correct
    "Namchi": "Namchi",  # correct
},
"Tripura": {
    "Dhalai  *": "Dhalai",
    # All other entries are correctly spelled
},
"Uttar Pradesh": {
    "Bagpat": "Baghpat",
    "Bara Banki": "Barabanki",
    "Bulandshahar": "Bulandshahr",
    "Faizabad": "Ayodhya",  # Optional: legacy → new name, skip if you're avoiding such changes
    "Jyotiba Phule Nagar": "Amroha",  # Optional
    "Kushi Nagar": "Kushinagar",
    "Kushinagar *": "Kushinagar",
    "Mahrajganj": "Maharajganj",
    "Rae Bareli": "Raebareli",
    "Sant Ravidas Nagar Bhadohi": "Sant Ravidas Nagar",
    "Siddharth Nagar": "Siddharthnagar",
    "Shravasti": "Shrawasti",
},
"Uttarakhand": {
    "Hardwar": "Haridwar",
    # All other entries are correct
},

    "West Bengal": {
        "Hooghiy": "Hooghly",
        "Hugli": "Hooghly",
        "Hawrah": "Howrah",
        "Haora": "Howrah",
        "24 Paraganas North": "North 24 Parganas",
        "North Twenty Four Parganas": "North 24 Parganas",
        "24 Paraganas South": "South 24 Parganas",
        "South 24 Pargana": "South 24 Parganas",
        "South Twenty Four Parganas": "South 24 Parganas",
        "North Dinajpur": "Uttar Dinajpur",
        "Uttar Dinajpur": "Uttar Dinajpur",
        "Dinajpur Dakshin": "Dakshin Dinajpur",
        "Dinajpur Uttar": "Uttar Dinajpur",
        "Hooghly": "Hooghly",
        "Howrah": "Howrah",
        "Coochbehar": "Cooch Behar",
        "Koch Bihar": "Cooch Behar",
        "Medinipur": "Paschim Medinipur",
        "West Medinipur": "Paschim Medinipur",
        "East Midnapore": "Purba Medinipur",
        "East Midnapur": "Purba Medinipur",
        "Medinipur West": "Paschim Medinipur",
        "Barddhaman": "Purba Bardhaman",
        "Bardhaman": "Purba Bardhaman",
        "Burdwan": "Purba Bardhaman",
        "Paschim Bardhaman": "Paschim Bardhaman",
        "Purba Bardhaman": "Purba Bardhaman",
        "West Midnapore": "Paschim Medinipur",
        "South Dinajpur": "Dakshin Dinajpur",
        "Darjeeling": "Darjeeling",
        "Darjiling": "Darjeeling",
        "Jalpaiguri": "Jalpaiguri",
        "Jhargram": "Jhargram",
        "Kalimpong": "Kalimpong",
        "Kolkata": "Kolkata",
        "Malda": "Malda",
        "Maldah": "Malda",
        "Purulia": "Purulia",
        "Puruliya": "Purulia",
        "Murshidabad": "Murshidabad",
        "Nadia": "Nadia"
    },
    
}
