state,district
100000,100000
Andaman & Nicobar Islands,Andamans
Andaman & Nicobar Islands,Nicobars
Andaman & Nicobar Islands,South Andaman
Andaman And Nicobar Islands,Nicobar
Andaman And Nicobar Islands,North And Middle Andaman
Andaman And Nicobar Islands,South Andaman
Andhra Pradesh,Adilabad
Andhra Pradesh,Alluri Sitharama Raju
Andhra Pradesh,Anakapalli
Andhra Pradesh,Anantapur
Andhra Pradesh,Ananthapur
Andhra Pradesh,Ananthapuramu
Andhra Pradesh,Annamayya
Andhra Pradesh,Bapatla
Andhra Pradesh,Chittoor
Andhra Pradesh,Cuddapah
Andhra Pradesh,Dr. B. R. Ambedkar Konaseema
Andhra Pradesh,East Godavari
Andhra Pradesh,Eluru
Andhra Pradesh,Guntur
Andhra Pradesh,Hyderabad
Andhra Pradesh,K.V. Rangareddy
Andhra Pradesh,K.V.Rangareddy
Andhra Pradesh,Kakinada
Andhra Pradesh,Karim Nagar
Andhra Pradesh,Karimnagar
Andhra Pradesh,Khammam
Andhra Pradesh,Krishna
Andhra Pradesh,Kurnool
Andhra Pradesh,Mahabub Nagar
Andhra Pradesh,Mahabubnagar
Andhra Pradesh,Mahbubnagar
Andhra Pradesh,Medak
Andhra Pradesh,N. T. R
Andhra Pradesh,Nalgonda
Andhra Pradesh,Nandyal
Andhra Pradesh,Nellore
Andhra Pradesh,Nizamabad
Andhra Pradesh,Palnadu
Andhra Pradesh,Parvathipuram Manyam
Andhra Pradesh,Prakasam
Andhra Pradesh,Rangareddi
Andhra Pradesh,Spsr Nellore
Andhra Pradesh,Sri Potti Sriramulu Nellore
Andhra Pradesh,Sri Sathya Sai
Andhra Pradesh,Srikakulam
Andhra Pradesh,Tirupati
Andhra Pradesh,Visakhapatanam
Andhra Pradesh,Visakhapatnam
Andhra Pradesh,Vizianagaram
Andhra Pradesh,Warangal
Andhra Pradesh,West Godavari
Andhra Pradesh,Y. S. R
Arunachal Pradesh,Anjaw
Arunachal Pradesh,Changlang
Arunachal Pradesh,Dibang Valley
Arunachal Pradesh,East Kameng
Arunachal Pradesh,East Siang
Arunachal Pradesh,Kamle
Arunachal Pradesh,Kra Daadi
Arunachal Pradesh,Kurung Kumey
Arunachal Pradesh,Leparada
Arunachal Pradesh,Lohit
Arunachal Pradesh,Longding
Arunachal Pradesh,Lower Dibang Valley
Arunachal Pradesh,Lower Siang
Arunachal Pradesh,Lower Subansiri
Arunachal Pradesh,Namsai
Arunachal Pradesh,Pakke Kessang
Arunachal Pradesh,Papum Pare
Arunachal Pradesh,Shi-Yomi
Arunachal Pradesh,Siang
Arunachal Pradesh,Tawang
Arunachal Pradesh,Tirap
Arunachal Pradesh,Upper Siang
Arunachal Pradesh,Upper Subansiri
Arunachal Pradesh,West Kameng
Arunachal Pradesh,West Siang
Assam,Bajali
Assam,Baksa
Assam,Barpeta
Assam,Biswanath
Assam,Bongaigaon
Assam,Cachar
Assam,Charaideo
Assam,Chirang
Assam,Darrang
Assam,Dhemaji
Assam,Dhubri
Assam,Dibrugarh
Assam,Dima Hasao
Assam,Goalpara
Assam,Golaghat
Assam,Hailakandi
Assam,Hojai
Assam,Jorhat
Assam,Kamrup
Assam,Kamrup Metro
Assam,Karbi Anglong
Assam,Karimganj
Assam,Kokrajhar
Assam,Lakhimpur
Assam,Majuli
Assam,Marigaon
Assam,Nagaon
Assam,Nalbari
Assam,North Cachar Hills
Assam,Sibsagar
Assam,Sivasagar
Assam,Sonitpur
Assam,South Salmara Mankachar
Assam,Sribhumi
Assam,Tamulpur District
Assam,Tinsukia
Assam,Udalguri
Assam,West Karbi Anglong
Bihar,Araria
Bihar,Arwal
Bihar,Aurangabad
Bihar,Aurangabad(Bh)
Bihar,Banka
Bihar,Begusarai
Bihar,Bhabua
Bihar,Bhagalpur
Bihar,Bhojpur
Bihar,Buxar
Bihar,Darbhanga
Bihar,East Champaran
Bihar,Gaya
Bihar,Gopalganj
Bihar,Jamui
Bihar,Jehanabad
Bihar,Kaimur (Bhabua)
Bihar,Katihar
Bihar,Khagaria
Bihar,Kishanganj
Bihar,Lakhisarai
Bihar,Madhepura
Bihar,Madhubani
Bihar,Monghyr
Bihar,Munger
Bihar,Muzaffarpur
Bihar,Nalanda
Bihar,Nawada
Bihar,Pashchim Champaran
Bihar,Patna
Bihar,Purba Champaran
Bihar,Purbi Champaran
Bihar,Purnea
Bihar,Purnia
Bihar,Rohtas
Bihar,Saharsa
Bihar,Samastipur
Bihar,Samstipur
Bihar,Saran
Bihar,Sheikhpura
Bihar,Sheikpura
Bihar,Sheohar
Bihar,Sitamarhi
Bihar,Siwan
Bihar,Supaul
Bihar,Vaishali
Bihar,West Champaran
Chandigarh,Chandigarh
Chandigarh,Rupnagar
Chhattisgarh,Balod
Chhattisgarh,Baloda Bazar
Chhattisgarh,Balrampur
Chhattisgarh,Bastar
Chhattisgarh,Bemetara
Chhattisgarh,Bijapur
Chhattisgarh,Bilaspur
Chhattisgarh,Dakshin Bastar Dantewada
Chhattisgarh,Dantewada
Chhattisgarh,Dhamtari
Chhattisgarh,Durg
Chhattisgarh,Gariyaband
Chhattisgarh,Gaurela-Pendra-Marwahi
Chhattisgarh,Gaurella Pendra Marwahi
Chhattisgarh,Janjgir - Champa
Chhattisgarh,Janjgir Champa
Chhattisgarh,Janjgir-Champa
Chhattisgarh,Jashpur
Chhattisgarh,Kabeerdham
Chhattisgarh,Kanker
Chhattisgarh,Kawardha
Chhattisgarh,Khairagarh Chhuikhadan Gandai
Chhattisgarh,Kondagaon
Chhattisgarh,Korba
Chhattisgarh,Koriya
Chhattisgarh,Mahasamund
Chhattisgarh,Manendragarh–Chirmiri–Bharatpur
Chhattisgarh,Mohalla-Manpur-Ambagarh Chowki
Chhattisgarh,Mohla-Manpur-Ambagarh Chouki
Chhattisgarh,Mungeli
Chhattisgarh,Narayanpur
Chhattisgarh,Raigarh
Chhattisgarh,Raipur
Chhattisgarh,Rajnandgaon
Chhattisgarh,Sakti
Chhattisgarh,Sarangarh-Bilaigarh
Chhattisgarh,Sukma
Chhattisgarh,Surajpur
Chhattisgarh,Surguja
Chhattisgarh,Uttar Bastar Kanker
Dadra & Nagar Haveli,Dadra & Nagar Haveli
Dadra And Nagar Haveli,Dadra And Nagar Haveli
Dadra And Nagar Haveli And Daman And Diu,Dadra And Nagar Haveli
Dadra And Nagar Haveli And Daman And Diu,Daman
Dadra And Nagar Haveli And Daman And Diu,Diu
Daman & Diu,Daman
Daman & Diu,Diu
Daman And Diu,Daman
Daman And Diu,Diu
Delhi,Central Delhi
Delhi,East Delhi
Delhi,Najafgarh
Delhi,New Delhi
Delhi,North Delhi
Delhi,North East
Delhi,North East   *
Delhi,North East Delhi
Delhi,North West Delhi
Delhi,Shahdara
Delhi,South Delhi
Delhi,South East Delhi
Delhi,South West Delhi
Delhi,West Delhi
Goa,Bardez
Goa,North Goa
Goa,South Goa
Gujarat,Ahmadabad
Gujarat,Ahmedabad
Gujarat,Amreli
Gujarat,Anand
Gujarat,Arvalli
Gujarat,Banas Kantha
Gujarat,Banaskantha
Gujarat,Bharuch
Gujarat,Bhavnagar
Gujarat,Botad
Gujarat,Chhotaudepur
Gujarat,Dahod
Gujarat,Dang
Gujarat,Devbhumi Dwarka
Gujarat,Dohad
Gujarat,Gandhinagar
Gujarat,Gir Somnath
Gujarat,Jamnagar
Gujarat,Junagadh
Gujarat,Kachchh
Gujarat,Kheda
Gujarat,Mahesana
Gujarat,Mahisagar
Gujarat,Morbi
Gujarat,Narmada
Gujarat,Navsari
Gujarat,Panch Mahals
Gujarat,Panchmahals
Gujarat,Patan
Gujarat,Porbandar
Gujarat,Rajkot
Gujarat,Sabar Kantha
Gujarat,Sabarkantha
Gujarat,Surat
Gujarat,Surendra Nagar
Gujarat,Surendranagar
Gujarat,Tapi
Gujarat,The Dangs
Gujarat,Vadodara
Gujarat,Valsad
Haryana,Ambala
Haryana,Bhiwani
Haryana,Charkhi Dadri
Haryana,Faridabad
Haryana,Fatehabad
Haryana,Gurgaon
Haryana,Gurugram
Haryana,Hisar
Haryana,Jhajjar
Haryana,Jhajjar *
Haryana,Jind
Haryana,Kaithal
Haryana,Karnal
Haryana,Kurukshetra
Haryana,Mahendragarh
Haryana,Mewat
Haryana,Nuh
Haryana,Palwal
Haryana,Panchkula
Haryana,Panipat
Haryana,Rewari
Haryana,Rohtak
Haryana,Sirsa
Haryana,Sonipat
Haryana,Yamuna Nagar
Haryana,Yamunanagar
Himachal Pradesh,Bilaspur
Himachal Pradesh,Chamba
Himachal Pradesh,Hamirpur
Himachal Pradesh,Kangra
Himachal Pradesh,Kinnaur
Himachal Pradesh,Kullu
Himachal Pradesh,Lahaul And Spiti
Himachal Pradesh,Lahul & Spiti
Himachal Pradesh,Lahul And Spiti
Himachal Pradesh,Mandi
Himachal Pradesh,Shimla
Himachal Pradesh,Sirmaur
Himachal Pradesh,Solan
Himachal Pradesh,Una
Jammu & Kashmir,Anantnag
Jammu & Kashmir,Badgam
Jammu & Kashmir,Bandipur
Jammu & Kashmir,Baramula
Jammu & Kashmir,Doda
Jammu & Kashmir,Jammu
Jammu & Kashmir,Kargil
Jammu & Kashmir,Kathua
Jammu & Kashmir,Kupwara
Jammu & Kashmir,Leh (Ladakh)
Jammu & Kashmir,Pulwama
Jammu & Kashmir,Punch
Jammu & Kashmir,Rajauri
Jammu & Kashmir,Srinagar
Jammu & Kashmir,Udhampur
Jammu And Kashmir,Anantnag
Jammu And Kashmir,Badgam
Jammu And Kashmir,Bandipore
Jammu And Kashmir,Baramula
Jammu And Kashmir,Budgam
Jammu And Kashmir,Doda
Jammu And Kashmir,Ganderbal
Jammu And Kashmir,Jammu
Jammu And Kashmir,Kargil
Jammu And Kashmir,Kathua
Jammu And Kashmir,Kishtwar
Jammu And Kashmir,Kulgam
Jammu And Kashmir,Kupwara
Jammu And Kashmir,Leh
Jammu And Kashmir,Pulwama
Jammu And Kashmir,Punch
Jammu And Kashmir,Rajouri
Jammu And Kashmir,Ramban
Jammu And Kashmir,Reasi
Jammu And Kashmir,Samba
Jammu And Kashmir,Shopian
Jammu And Kashmir,Shupiyan
Jammu And Kashmir,Srinagar
Jammu And Kashmir,Udhampur
Jharkhand,Bokaro
Jharkhand,Bokaro *
Jharkhand,Chatra
Jharkhand,Deoghar
Jharkhand,Dhanbad
Jharkhand,Dumka
Jharkhand,East Singhbhum
Jharkhand,East Singhbum
Jharkhand,Garhwa
Jharkhand,Garhwa *
Jharkhand,Giridih
Jharkhand,Godda
Jharkhand,Gumla
Jharkhand,Hazaribag
Jharkhand,Hazaribagh
Jharkhand,Jamtara
Jharkhand,Khunti
Jharkhand,Kodarma
Jharkhand,Koderma
Jharkhand,Latehar
Jharkhand,Lohardaga
Jharkhand,Pakaur
Jharkhand,Pakur
Jharkhand,Palamau
Jharkhand,Palamu
Jharkhand,Pashchimi Singhbhum
Jharkhand,Purbi Singhbhum
Jharkhand,Ramgarh
Jharkhand,Ranchi
Jharkhand,Sahebganj
Jharkhand,Sahibganj
Jharkhand,Seraikela-Kharsawan
Jharkhand,Simdega
Jharkhand,West Singhbhum
Karnataka,Bagalkot
Karnataka,Bagalkot *
Karnataka,Ballari
Karnataka,Bangalore
Karnataka,Bangalore Rural
Karnataka,Belagavi
Karnataka,Belgaum
Karnataka,Bellary
Karnataka,Bengaluru
Karnataka,Bengaluru Rural
Karnataka,Bengaluru South
Karnataka,Bengaluru Urban
Karnataka,Bidar
Karnataka,Bijapur
Karnataka,Bijapur(Kar)
Karnataka,Chamarajanagar
Karnataka,Chamarajanagar *
Karnataka,Chamrajanagar
Karnataka,Chamrajnagar
Karnataka,Chickmagalur
Karnataka,Chikkaballapur
Karnataka,Chikkamagaluru
Karnataka,Chikmagalur
Karnataka,Chitradurga
Karnataka,Dakshina Kannada
Karnataka,Davanagere
Karnataka,Davangere
Karnataka,Dharwad
Karnataka,Gadag
Karnataka,Gadag *
Karnataka,Gulbarga
Karnataka,Hasan
Karnataka,Hassan
Karnataka,Haveri
Karnataka,Haveri *
Karnataka,Kalaburagi
Karnataka,Kodagu
Karnataka,Kolar
Karnataka,Koppal
Karnataka,Mandya
Karnataka,Mysore
Karnataka,Mysuru
Karnataka,Raichur
Karnataka,Ramanagar
Karnataka,Ramanagara
Karnataka,Shimoga
Karnataka,Shivamogga
Karnataka,Tumakuru
Karnataka,Tumkur
Karnataka,Udupi
Karnataka,Udupi *
Karnataka,Uttara Kannada
Karnataka,Vijayanagara
Karnataka,Vijayapura
Karnataka,Yadgir
Kerala,Alappuzha
Kerala,Ernakulam
Kerala,Idukki
Kerala,Kannur
Kerala,Kasaragod
Kerala,Kasargod
Kerala,Kollam
Kerala,Kottayam
Kerala,Kozhikode
Kerala,Malappuram
Kerala,Palakkad
Kerala,Pathanamthitta
Kerala,Thiruvananthapuram
Kerala,Thrissur
Kerala,Wayanad
Ladakh,Kargil
Ladakh,Leh
Lakshadweep,Lakshadweep
Madhya Pradesh,Agar Malwa
Madhya Pradesh,Alirajpur
Madhya Pradesh,Anuppur
Madhya Pradesh,Ashok Nagar
Madhya Pradesh,Ashoknagar
Madhya Pradesh,Balaghat
Madhya Pradesh,Barwani
Madhya Pradesh,Betul
Madhya Pradesh,Bhind
Madhya Pradesh,Bhopal
Madhya Pradesh,Burhanpur
Madhya Pradesh,Chhatarpur
Madhya Pradesh,Chhindwara
Madhya Pradesh,Damoh
Madhya Pradesh,Datia
Madhya Pradesh,Dewas
Madhya Pradesh,Dhar
Madhya Pradesh,Dindori
Madhya Pradesh,East Nimar
Madhya Pradesh,Guna
Madhya Pradesh,Gwalior
Madhya Pradesh,Harda
Madhya Pradesh,Harda *
Madhya Pradesh,Hoshangabad
Madhya Pradesh,Indore
Madhya Pradesh,Jabalpur
Madhya Pradesh,Jhabua
Madhya Pradesh,Katni
Madhya Pradesh,Khandwa
Madhya Pradesh,Khargone
Madhya Pradesh,Maihar
Madhya Pradesh,Mandla
Madhya Pradesh,Mandsaur
Madhya Pradesh,Mauganj
Madhya Pradesh,Morena
Madhya Pradesh,Narmadapuram
Madhya Pradesh,Narsimhapur
Madhya Pradesh,Narsinghpur
Madhya Pradesh,Neemuch
Madhya Pradesh,Niwari
Madhya Pradesh,Pandhurna
Madhya Pradesh,Panna
Madhya Pradesh,Raisen
Madhya Pradesh,Rajgarh
Madhya Pradesh,Ratlam
Madhya Pradesh,Rewa
Madhya Pradesh,Sagar
Madhya Pradesh,Satna
Madhya Pradesh,Sehore
Madhya Pradesh,Seoni
Madhya Pradesh,Shahdol
Madhya Pradesh,Shajapur
Madhya Pradesh,Sheopur
Madhya Pradesh,Shivpuri
Madhya Pradesh,Sidhi
Madhya Pradesh,Singrauli
Madhya Pradesh,Tikamgarh
Madhya Pradesh,Ujjain
Madhya Pradesh,Umaria
Madhya Pradesh,Vidisha
Madhya Pradesh,West Nimar
Maharashtra,Ahilyanagar
Maharashtra,Ahmadnagar
Maharashtra,Ahmed Nagar
Maharashtra,Ahmednagar
Maharashtra,Akola
Maharashtra,Amravati
Maharashtra,Aurangabad
Maharashtra,Beed
Maharashtra,Bhandara
Maharashtra,Bid
Maharashtra,Buldana
Maharashtra,Buldhana
Maharashtra,Chandrapur
Maharashtra,Chatrapati Sambhaji Nagar
Maharashtra,Chhatrapati Sambhajinagar
Maharashtra,Dharashiv
Maharashtra,Dhule
Maharashtra,Gadchiroli
Maharashtra,Gondia
Maharashtra,Gondiya
Maharashtra,Gondiya *
Maharashtra,Hingoli
Maharashtra,Hingoli *
Maharashtra,Jalgaon
Maharashtra,Jalna
Maharashtra,Kolhapur
Maharashtra,Latur
Maharashtra,Mumbai
Maharashtra,Mumbai City
Maharashtra,Mumbai Suburban
Maharashtra,Mumbai( Sub Urban )
Maharashtra,Nagpur
Maharashtra,Nanded
Maharashtra,Nandurbar
Maharashtra,Nandurbar *
Maharashtra,Nashik
Maharashtra,Osmanabad
Maharashtra,Palghar
Maharashtra,Parbhani
Maharashtra,Pune
Maharashtra,Raigad
Maharashtra,Raigarh
Maharashtra,Raigarh(Mh)
Maharashtra,Ratnagiri
Maharashtra,Sangli
Maharashtra,Satara
Maharashtra,Sindhudurg
Maharashtra,Solapur
Maharashtra,Thane
Maharashtra,Wardha
Maharashtra,Washim
Maharashtra,Washim *
Maharashtra,Yavatmal
Manipur,Bishnupur
Manipur,Chandel
Manipur,Churachandpur
Manipur,Imphal East
Manipur,Imphal West
Manipur,Jiribam
Manipur,Kakching
Manipur,Pherzawl
Manipur,Senapati
Manipur,Tamenglong
Manipur,Thoubal
Manipur,Ukhrul
Meghalaya,East Garo Hills
Meghalaya,East Jaintia Hills
Meghalaya,East Khasi Hills
Meghalaya,Eastern West Khasi Hills
Meghalaya,Jaintia Hills
Meghalaya,Kamrup
Meghalaya,North Garo Hills
Meghalaya,Ri Bhoi
Meghalaya,South Garo Hills
Meghalaya,South West Garo Hills
Meghalaya,South West Khasi Hills
Meghalaya,West Garo Hills
Meghalaya,West Jaintia Hills
Meghalaya,West Khasi Hills
Mizoram,Aizawl
Mizoram,Champhai
Mizoram,Hnahthial
Mizoram,Khawzawl
Mizoram,Kolasib
Mizoram,Lawngtlai
Mizoram,Lunglei
Mizoram,Mamit
Mizoram,Mammit
Mizoram,Saiha
Mizoram,Saitual
Mizoram,Serchhip
Nagaland,Chumukedima
Nagaland,Dimapur
Nagaland,Kiphire
Nagaland,Kohima
Nagaland,Longleng
Nagaland,Meluri
Nagaland,Mokokchung
Nagaland,Mon
Nagaland,Niuland
Nagaland,Noklak
Nagaland,Peren
Nagaland,Phek
Nagaland,Shamator
Nagaland,Tseminyu
Nagaland,Tuensang
Nagaland,Wokha
Nagaland,Zunheboto
Odisha,Angul
Odisha,Anugal
Odisha,Anugul
Odisha,Balangir
Odisha,Baleshwar
Odisha,Baleswar
Odisha,Bargarh
Odisha,Baudh
Odisha,Bhadrak
Odisha,Boudh
Odisha,Cuttack
Odisha,Debagarh
Odisha,Dhenkanal
Odisha,Gajapati
Odisha,Ganjam
Odisha,Jagatsinghapur
Odisha,Jagatsinghpur
Odisha,Jajapur
Odisha,Jajpur
Odisha,Jharsuguda
Odisha,Kalahandi
Odisha,Kandhamal
Odisha,Kendrapara
Odisha,Kendujhar
Odisha,Khorda
Odisha,Khordha
Odisha,Koraput
Odisha,Malkangiri
Odisha,Mayurbhanj
Odisha,Nabarangapur
Odisha,Nabarangpur
Odisha,Nayagarh
Odisha,Nuapada
Odisha,Puri
Odisha,Rayagada
Odisha,Sambalpur
Odisha,Sonapur
Odisha,Subarnapur
Odisha,Sundargarh
Odisha,Sundergarh
Orissa,Anugul
Orissa,Balangir
Orissa,Baleshwar
Orissa,Baleswar
Orissa,Bargarh
Orissa,Baudh
Orissa,Bhadrak
Orissa,Cuttack
Orissa,Debagarh
Orissa,Dhenkanal
Orissa,Gajapati
Orissa,Ganjam
Orissa,Jagatsinghapur
Orissa,Jajapur
Orissa,Jharsuguda
Orissa,Kalahandi
Orissa,Kandhamal
Orissa,Kendrapara
Orissa,Kendrapara *
Orissa,Kendujhar
Orissa,Khorda
Orissa,Khordha
Orissa,Koraput
Orissa,Malkangiri
Orissa,Mayurbhanj
Orissa,Nabarangapur
Orissa,Nayagarh
Orissa,Nuapada
Orissa,Puri
Orissa,Rayagada
Orissa,Sambalpur
Orissa,Sonapur
Orissa,Subarnapur
Orissa,Sundargarh
Orissa,Sundergarh
Pondicherry,Karaikal
Pondicherry,Pondicherry
Pondicherry,Yanam
Puducherry,Karaikal
Puducherry,Pondicherry
Puducherry,Puducherry
Puducherry,Yanam
Punjab,Amritsar
Punjab,Barnala
Punjab,Bathinda
Punjab,Faridkot
Punjab,Fatehgarh Sahib
Punjab,Fazilka
Punjab,Ferozepur
Punjab,Firozpur
Punjab,Gurdaspur
Punjab,Hoshiarpur
Punjab,Jalandhar
Punjab,Kapurthala
Punjab,Ludhiana
Punjab,Malerkotla
Punjab,Mansa
Punjab,Moga
Punjab,Muktsar
Punjab,Nawanshahr
Punjab,Pathankot
Punjab,Patiala
Punjab,Rupnagar
Punjab,S.A.S Nagar
Punjab,S.A.S Nagar(Mohali)
Punjab,Sangrur
Punjab,Sas Nagar (Mohali)
Punjab,Shaheed Bhagat Singh Nagar
Punjab,Sri Muktsar Sahib
Punjab,Tarn Taran
Rajasthan,Ajmer
Rajasthan,Alwar
Rajasthan,Balotra
Rajasthan,Banswara
Rajasthan,Baran
Rajasthan,Barmer
Rajasthan,Beawar
Rajasthan,Bharatpur
Rajasthan,Bhilwara
Rajasthan,Bikaner
Rajasthan,Bundi
Rajasthan,Chittaurgarh
Rajasthan,Chittorgarh
Rajasthan,Churu
Rajasthan,Dausa
Rajasthan,Deeg
Rajasthan,Deeg 
Rajasthan,Dhaulpur
Rajasthan,Dholpur
Rajasthan,Didwana-Kuchaman
Rajasthan,Dungarpur
Rajasthan,Ganganagar
Rajasthan,Hanumangarh
Rajasthan,Jaipur
Rajasthan,Jaisalmer
Rajasthan,Jalor
Rajasthan,Jalore
Rajasthan,Jhalawar
Rajasthan,Jhunjhunu
Rajasthan,Jhunjhunun
Rajasthan,Jodhpur
Rajasthan,Karauli
Rajasthan,Kota
Rajasthan,Nagaur
Rajasthan,Pali
Rajasthan,Pratapgarh
Rajasthan,Rajsamand
Rajasthan,Salumbar
Rajasthan,Sawai Madhopur
Rajasthan,Sikar
Rajasthan,Sirohi
Rajasthan,Tonk
Rajasthan,Udaipur
Sikkim,East
Sikkim,East Sikkim
Sikkim,Mangan
Sikkim,Namchi
Sikkim,North
Sikkim,North Sikkim
Sikkim,South
Sikkim,South Sikkim
Sikkim,West
Sikkim,West Sikkim
Tamil Nadu,Ariyalur
Tamil Nadu,Chengalpattu
Tamil Nadu,Chennai
Tamil Nadu,Coimbatore
Tamil Nadu,Cuddalore
Tamil Nadu,Dharmapuri
Tamil Nadu,Dindigul
Tamil Nadu,Erode
Tamil Nadu,Kallakurichi
Tamil Nadu,Kancheepuram
Tamil Nadu,Kanchipuram
Tamil Nadu,Kanniyakumari
Tamil Nadu,Kanyakumari
Tamil Nadu,Karur
Tamil Nadu,Krishnagiri
Tamil Nadu,Madurai
Tamil Nadu,Mayiladuthurai
Tamil Nadu,Nagapattinam
Tamil Nadu,Namakkal
Tamil Nadu,Namakkal   *
Tamil Nadu,Perambalur
Tamil Nadu,Pudukkottai
Tamil Nadu,Ramanathapuram
Tamil Nadu,Ranipet
Tamil Nadu,Salem
Tamil Nadu,Sivaganga
Tamil Nadu,Tenkasi
Tamil Nadu,Thanjavur
Tamil Nadu,The Nilgiris
Tamil Nadu,Theni
Tamil Nadu,Thiruvallur
Tamil Nadu,Thiruvarur
Tamil Nadu,Thoothukkudi
Tamil Nadu,Tiruchirappalli
Tamil Nadu,Tirunelveli
Tamil Nadu,Tirupathur
Tamil Nadu,Tirupattur
Tamil Nadu,Tiruppur
Tamil Nadu,Tiruvallur
Tamil Nadu,Tiruvannamalai
Tamil Nadu,Tiruvarur
Tamil Nadu,Tuticorin
Tamil Nadu,Vellore
Tamil Nadu,Villupuram
Tamil Nadu,Viluppuram
Tamil Nadu,Virudhunagar
Telangana,Adilabad
Telangana,Bhadradri Kothagudem
Telangana,Hanumakonda
Telangana,Hyderabad
Telangana,Jagitial
Telangana,Jangaon
Telangana,Jangoan
Telangana,Jayashankar Bhupalpally
Telangana,Jogulamba Gadwal
Telangana,K.V. Rangareddy
Telangana,Kamareddy
Telangana,Karimnagar
Telangana,Khammam
Telangana,Komaram Bheem
Telangana,Mahabubabad
Telangana,Mahabubnagar
Telangana,Mancherial
Telangana,Medak
Telangana,Medchal Malkajgiri
Telangana,Medchal-Malkajgiri
Telangana,Medchal?Malkajgiri
Telangana,Medchal−Malkajgiri
Telangana,Mulugu
Telangana,Nagarkurnool
Telangana,Nalgonda
Telangana,Narayanpet
Telangana,Nirmal
Telangana,Nizamabad
Telangana,Peddapalli
Telangana,Rajanna Sircilla
Telangana,Ranga Reddy
Telangana,Rangareddy
Telangana,Sangareddy
Telangana,Siddipet
Telangana,Suryapet
Telangana,Vikarabad
Telangana,Wanaparthy
Telangana,Warangal
Telangana,Warangal (Urban)
Telangana,Warangal Rural
Telangana,Warangal Urban
Telangana,Yadadri.
The Dadra And Nagar Haveli And Daman And Diu,Dadra And Nagar Haveli
Tripura,Dhalai
Tripura,Dhalai  *
Tripura,Gomati
Tripura,Khowai
Tripura,North Tripura
Tripura,Sepahijala
Tripura,South Tripura
Tripura,Unakoti
Tripura,West Tripura
Uttar Pradesh,Agra
Uttar Pradesh,Aligarh
Uttar Pradesh,Allahabad
Uttar Pradesh,Ambedkar Nagar
Uttar Pradesh,Amethi
Uttar Pradesh,Amroha
Uttar Pradesh,Auraiya
Uttar Pradesh,Ayodhya
Uttar Pradesh,Azamgarh
Uttar Pradesh,Baghpat
Uttar Pradesh,Bagpat
Uttar Pradesh,Bahraich
Uttar Pradesh,Ballia
Uttar Pradesh,Balrampur
Uttar Pradesh,Banda
Uttar Pradesh,Bara Banki
Uttar Pradesh,Barabanki
Uttar Pradesh,Bareilly
Uttar Pradesh,Basti
Uttar Pradesh,Bhadohi
Uttar Pradesh,Bijnor
Uttar Pradesh,Budaun
Uttar Pradesh,Bulandshahar
Uttar Pradesh,Bulandshahr
Uttar Pradesh,Chandauli
Uttar Pradesh,Chitrakoot
Uttar Pradesh,Deoria
Uttar Pradesh,Etah
Uttar Pradesh,Etawah
Uttar Pradesh,Faizabad
Uttar Pradesh,Farrukhabad
Uttar Pradesh,Fatehpur
Uttar Pradesh,Firozabad
Uttar Pradesh,Gautam Buddha Nagar
Uttar Pradesh,Ghaziabad
Uttar Pradesh,Ghazipur
Uttar Pradesh,Gonda
Uttar Pradesh,Gorakhpur
Uttar Pradesh,Hamirpur
Uttar Pradesh,Hapur
Uttar Pradesh,Hardoi
Uttar Pradesh,Hathras
Uttar Pradesh,Jalaun
Uttar Pradesh,Jaunpur
Uttar Pradesh,Jhansi
Uttar Pradesh,Jyotiba Phule Nagar
Uttar Pradesh,Kannauj
Uttar Pradesh,Kanpur Dehat
Uttar Pradesh,Kanpur Nagar
Uttar Pradesh,Kasganj
Uttar Pradesh,Kaushambi
Uttar Pradesh,Kheri
Uttar Pradesh,Kushi Nagar
Uttar Pradesh,Kushinagar
Uttar Pradesh,Kushinagar *
Uttar Pradesh,Lalitpur
Uttar Pradesh,Lucknow
Uttar Pradesh,Maharajganj
Uttar Pradesh,Mahoba
Uttar Pradesh,Mahrajganj
Uttar Pradesh,Mainpuri
Uttar Pradesh,Mathura
Uttar Pradesh,Mau
Uttar Pradesh,Meerut
Uttar Pradesh,Mirzapur
Uttar Pradesh,Moradabad
Uttar Pradesh,Muzaffarnagar
Uttar Pradesh,Pilibhit
Uttar Pradesh,Pratapgarh
Uttar Pradesh,Prayagraj
Uttar Pradesh,Rae Bareli
Uttar Pradesh,Raebareli
Uttar Pradesh,Rampur
Uttar Pradesh,Saharanpur
Uttar Pradesh,Sambhal
Uttar Pradesh,Sant Kabir Nagar
Uttar Pradesh,Sant Ravidas Nagar
Uttar Pradesh,Sant Ravidas Nagar Bhadohi
Uttar Pradesh,Shahjahanpur
Uttar Pradesh,Shamli
Uttar Pradesh,Shravasti
Uttar Pradesh,Shrawasti
Uttar Pradesh,Siddharth Nagar
Uttar Pradesh,Siddharthnagar
Uttar Pradesh,Sitapur
Uttar Pradesh,Sonbhadra
Uttar Pradesh,Sultanpur
Uttar Pradesh,Unnao
Uttar Pradesh,Varanasi
Uttarakhand,Almora
Uttarakhand,Bageshwar
Uttarakhand,Chamoli
Uttarakhand,Champawat
Uttarakhand,Dehradun
Uttarakhand,Garhwal
Uttarakhand,Hardwar
Uttarakhand,Haridwar
Uttarakhand,Nainital
Uttarakhand,Pauri Garhwal
Uttarakhand,Pithoragarh
Uttarakhand,Rudraprayag
Uttarakhand,Tehri Garhwal
Uttarakhand,Udham Singh Nagar
Uttarakhand,Uttarkashi
West  Bengal,Hooghly
West Bangal,Hooghly
West Bangal,Howrah
West Bengal,24 Paraganas North
West Bengal,24 Paraganas South
West Bengal,Alipurduar
West Bengal,Bankura
West Bengal,Barddhaman
West Bengal,Bardhaman
West Bengal,Birbhum
West Bengal,Burdwan
West Bengal,Cooch Behar
West Bengal,Coochbehar
West Bengal,Dakshin Dinajpur
West Bengal,Darjeeling
West Bengal,Darjiling
West Bengal,Dinajpur Dakshin
West Bengal,Dinajpur Uttar
West Bengal,East Midnapore
West Bengal,East Midnapur
West Bengal,Haora
West Bengal,Hawrah
West Bengal,Hooghiy
West Bengal,Hooghly
West Bengal,Howrah
West Bengal,Hugli
West Bengal,Jalpaiguri
West Bengal,Jhargram
West Bengal,Kalimpong
West Bengal,Koch Bihar
West Bengal,Kolkata
West Bengal,Malda
West Bengal,Maldah
West Bengal,Medinipur
West Bengal,Medinipur West
West Bengal,Murshidabad
West Bengal,Nadia
West Bengal,North 24 Parganas
West Bengal,North Dinajpur
West Bengal,North Twenty Four Parganas
West Bengal,Paschim Bardhaman
West Bengal,Paschim Medinipur
West Bengal,Purba Bardhaman
West Bengal,Purba Medinipur
West Bengal,Purulia
West Bengal,Puruliya
West Bengal,South 24 Pargana
West Bengal,South 24 Parganas
West Bengal,South Dinajpur
West Bengal,South Twenty Four Parganas
West Bengal,Uttar Dinajpur
West Bengal,West Medinipur
West Bengal,West Midnapore
Westbengal,Hooghly
